"email_id","subject_length","send_time","day_of_week","customer_segment","previous_opens","opened"
1,50,"evening","Thu","churn",0,"No"
2,34,"evening","Wed","loyal",1,"No"
3,70,"afternoon","Mon","new",1,"No"
4,33,"afternoon","Tue","churn",3,"No"
5,22,"morning","Fri","churn",10,"No"
6,61,"morning","Mon","churn",8,"Yes"
7,69,"evening","Thu","new",0,"No"
8,73,"afternoon","Tue","churn",0,"No"
9,62,"morning","Tue","new",3,"No"
10,56,"afternoon","Tue","loyal",9,"No"
11,71,"afternoon","Wed","churn",2,"No"
12,33,"afternoon","Tue","loyal",3,"Yes"
13,73,"morning","Fri","new",0,"No"
14,44,"evening","Mon","loyal",6,"No"
15,45,"evening","Mon","churn",1,"No"
16,46,"afternoon","Tue","loyal",3,"No"
17,24,"afternoon","Wed","churn",9,"No"
18,70,"afternoon","Thu","churn",5,"No"
19,46,"morning","Tue","loyal",4,"No"
20,76,"evening","Thu","new",2,"No"
21,47,"morning","Thu","churn",2,"No"
22,76,"afternoon","Mon","new",1,"Yes"
23,28,"evening","Wed","loyal",7,"Yes"
24,48,"morning","Wed","loyal",3,"No"
25,54,"morning","Thu","churn",9,"No"
26,27,"afternoon","Tue","new",9,"No"
27,45,"evening","Tue","churn",8,"No"
28,26,"morning","Mon","new",6,"Yes"
29,61,"afternoon","Tue","churn",4,"No"
30,28,"morning","Mon","churn",2,"No"
31,38,"morning","Wed","churn",4,"Yes"
32,55,"evening","Tue","loyal",5,"Yes"
33,33,"evening","Wed","loyal",3,"No"
34,36,"evening","Mon","churn",2,"No"
35,62,"evening","Mon","churn",6,"No"
36,58,"evening","Mon","new",8,"No"
37,72,"afternoon","Fri","new",7,"Yes"
38,31,"evening","Mon","loyal",5,"No"
39,34,"afternoon","Mon","churn",1,"No"
40,51,"evening","Thu","churn",10,"No"
41,61,"afternoon","Wed","loyal",7,"No"
42,64,"evening","Tue","churn",3,"No"
43,26,"afternoon","Tue","churn",1,"No"
44,28,"afternoon","Thu","new",1,"No"
45,60,"evening","Mon","churn",5,"No"
46,29,"afternoon","Mon","loyal",2,"No"
47,42,"morning","Thu","loyal",9,"Yes"
48,46,"evening","Mon","new",2,"No"
49,79,"morning","Mon","churn",1,"No"
50,72,"evening","Fri","churn",5,"No"
51,26,"afternoon","Mon","new",4,"No"
52,72,"morning","Tue","churn",10,"No"
53,46,"morning","Wed","loyal",1,"No"
54,51,"evening","Fri","loyal",6,"No"
55,57,"morning","Wed","loyal",10,"Yes"
56,44,"afternoon","Mon","new",7,"No"
57,53,"evening","Tue","churn",4,"No"
58,48,"evening","Fri","new",9,"No"
59,24,"afternoon","Wed","new",4,"No"
60,27,"afternoon","Mon","new",0,"No"
61,31,"afternoon","Tue","new",8,"No"
62,32,"evening","Tue","new",6,"Yes"
63,37,"evening","Thu","loyal",2,"No"
64,52,"evening","Thu","churn",9,"Yes"
65,76,"afternoon","Wed","new",0,"No"
66,46,"morning","Thu","loyal",0,"No"
67,44,"evening","Wed","loyal",3,"Yes"
68,57,"evening","Thu","new",8,"No"
69,40,"evening","Fri","new",9,"No"
70,34,"evening","Tue","churn",5,"No"
71,60,"evening","Fri","new",1,"No"
72,66,"evening","Fri","new",1,"No"
73,45,"morning","Fri","churn",4,"No"
74,79,"morning","Wed","new",4,"Yes"
75,50,"morning","Wed","new",2,"Yes"
76,35,"morning","Thu","churn",5,"No"
77,71,"morning","Wed","loyal",6,"No"
78,49,"afternoon","Fri","loyal",1,"No"
79,25,"morning","Mon","loyal",3,"No"
80,62,"afternoon","Wed","churn",7,"No"
81,27,"afternoon","Mon","churn",2,"No"
82,41,"evening","Mon","new",0,"No"
83,41,"evening","Mon","churn",3,"No"
84,58,"morning","Thu","loyal",5,"No"
85,50,"afternoon","Wed","churn",10,"No"
86,67,"afternoon","Thu","new",1,"No"
87,36,"morning","Tue","new",0,"No"
88,73,"evening","Tue","loyal",2,"No"
89,69,"evening","Thu","loyal",7,"Yes"
90,68,"afternoon","Tue","loyal",3,"Yes"
91,53,"morning","Tue","loyal",0,"No"
92,23,"evening","Wed","loyal",0,"No"
93,32,"afternoon","Tue","loyal",4,"No"
94,24,"morning","Thu","new",4,"No"
95,73,"evening","Wed","churn",7,"Yes"
96,70,"afternoon","Tue","new",10,"Yes"
97,44,"afternoon","Mon","churn",5,"No"
98,71,"afternoon","Mon","churn",7,"No"
99,41,"afternoon","Fri","churn",6,"No"
100,44,"afternoon","Tue","loyal",6,"Yes"
101,51,"morning","Tue","loyal",5,"Yes"
102,65,"morning","Mon","new",4,"Yes"
103,44,"evening","Wed","loyal",8,"Yes"
104,42,"morning","Thu","new",3,"No"
105,54,"morning","Tue","churn",4,"No"
106,59,"evening","Tue","churn",0,"No"
107,67,"morning","Fri","new",9,"Yes"
108,49,"afternoon","Tue","loyal",7,"No"
109,31,"evening","Wed","loyal",2,"No"
110,50,"evening","Fri","loyal",4,"No"
111,76,"afternoon","Wed","churn",4,"Yes"
112,65,"afternoon","Wed","new",3,"Yes"
113,49,"morning","Tue","churn",4,"No"
114,54,"evening","Wed","new",1,"Yes"
115,33,"evening","Wed","loyal",10,"No"
116,48,"morning","Mon","churn",8,"No"
117,51,"evening","Mon","churn",4,"No"
118,26,"morning","Fri","new",0,"No"
119,22,"morning","Wed","new",0,"No"
120,42,"afternoon","Tue","loyal",10,"No"
121,73,"morning","Thu","loyal",7,"Yes"
122,77,"morning","Fri","new",4,"Yes"
123,34,"morning","Mon","churn",0,"Yes"
124,40,"morning","Fri","loyal",2,"No"
125,56,"morning","Wed","churn",1,"No"
126,27,"morning","Fri","new",7,"No"
127,70,"evening","Tue","loyal",2,"No"
128,29,"evening","Mon","churn",5,"No"
129,69,"morning","Fri","loyal",4,"Yes"
130,61,"morning","Thu","churn",3,"No"
131,63,"evening","Tue","loyal",7,"No"
132,53,"afternoon","Wed","loyal",3,"No"
133,29,"afternoon","Wed","new",9,"Yes"
134,41,"evening","Thu","churn",8,"No"
135,31,"evening","Tue","loyal",4,"No"
136,39,"afternoon","Thu","new",2,"No"
137,65,"evening","Mon","new",4,"Yes"
138,36,"evening","Wed","loyal",6,"Yes"
139,65,"morning","Mon","loyal",8,"No"
140,73,"afternoon","Wed","new",7,"No"
141,54,"afternoon","Tue","loyal",5,"No"
142,59,"afternoon","Mon","new",8,"No"
143,65,"afternoon","Thu","churn",2,"Yes"
144,70,"morning","Wed","new",2,"No"
145,49,"morning","Tue","new",7,"Yes"
146,34,"afternoon","Wed","loyal",1,"No"
147,43,"afternoon","Thu","new",1,"No"
148,68,"morning","Mon","loyal",9,"No"
149,42,"evening","Fri","churn",2,"No"
150,62,"morning","Tue","churn",8,"Yes"
151,26,"evening","Fri","loyal",5,"No"
152,48,"evening","Fri","loyal",1,"No"
153,34,"afternoon","Mon","new",10,"No"
154,42,"evening","Wed","loyal",2,"No"
155,45,"evening","Fri","new",10,"No"
156,57,"evening","Thu","new",1,"No"
157,65,"morning","Tue","churn",1,"No"
158,51,"evening","Wed","churn",10,"No"
159,26,"morning","Wed","churn",5,"No"
160,46,"evening","Wed","churn",0,"No"
161,61,"morning","Fri","new",7,"Yes"
162,24,"morning","Wed","new",4,"No"
163,25,"afternoon","Fri","new",8,"No"
164,35,"afternoon","Fri","churn",2,"No"
165,43,"morning","Tue","churn",2,"No"
166,51,"morning","Thu","churn",1,"No"
167,40,"morning","Tue","loyal",0,"No"
168,74,"evening","Fri","churn",10,"No"
169,30,"morning","Thu","loyal",7,"Yes"
170,55,"morning","Thu","churn",10,"No"
171,63,"afternoon","Wed","loyal",7,"Yes"
172,65,"morning","Wed","loyal",6,"Yes"
173,79,"morning","Tue","loyal",7,"Yes"
174,80,"evening","Mon","new",9,"No"
175,38,"afternoon","Fri","loyal",0,"No"
176,44,"evening","Wed","loyal",8,"No"
177,58,"afternoon","Wed","churn",6,"Yes"
178,73,"evening","Fri","new",5,"No"
179,45,"morning","Fri","new",1,"No"
180,28,"afternoon","Mon","churn",5,"No"
181,26,"afternoon","Mon","churn",1,"No"
182,53,"afternoon","Fri","new",3,"Yes"
183,67,"afternoon","Thu","churn",1,"No"
184,32,"afternoon","Tue","new",5,"Yes"
185,38,"morning","Mon","loyal",5,"Yes"
186,75,"evening","Tue","loyal",2,"No"
187,71,"afternoon","Tue","new",1,"Yes"
188,66,"evening","Wed","loyal",7,"Yes"
189,58,"afternoon","Fri","new",10,"No"
190,23,"morning","Fri","loyal",3,"No"
191,20,"evening","Thu","loyal",8,"No"
192,59,"afternoon","Fri","loyal",5,"Yes"
193,49,"evening","Tue","loyal",10,"No"
194,49,"afternoon","Mon","loyal",1,"No"
195,71,"evening","Wed","new",0,"No"
196,44,"evening","Mon","loyal",8,"No"
197,35,"afternoon","Tue","loyal",7,"No"
198,43,"afternoon","Tue","loyal",5,"No"
199,73,"afternoon","Thu","new",7,"No"
200,30,"evening","Thu","loyal",3,"Yes"
201,67,"morning","Mon","churn",4,"Yes"
202,39,"morning","Thu","loyal",1,"Yes"
203,59,"morning","Thu","new",9,"No"
204,22,"evening","Mon","loyal",4,"No"
205,48,"morning","Wed","churn",4,"No"
206,55,"afternoon","Tue","new",8,"No"
207,71,"evening","Wed","loyal",6,"Yes"
208,63,"morning","Wed","new",1,"No"
209,41,"afternoon","Fri","loyal",10,"No"
210,68,"afternoon","Mon","loyal",9,"No"
211,61,"evening","Fri","new",8,"No"
212,78,"afternoon","Fri","new",9,"No"
213,39,"afternoon","Tue","loyal",9,"No"
214,30,"evening","Mon","churn",8,"No"
215,76,"afternoon","Thu","loyal",9,"Yes"
216,74,"morning","Fri","new",9,"No"
217,27,"evening","Tue","loyal",6,"No"
218,65,"morning","Fri","new",0,"Yes"
219,40,"evening","Fri","loyal",0,"No"
220,64,"evening","Mon","new",8,"No"
221,21,"afternoon","Tue","new",6,"No"
222,62,"evening","Fri","churn",5,"No"
223,32,"evening","Wed","loyal",2,"No"
224,65,"afternoon","Thu","new",3,"No"
225,25,"evening","Fri","churn",6,"No"
226,76,"morning","Wed","new",3,"Yes"
227,27,"afternoon","Mon","new",3,"No"
228,63,"afternoon","Wed","churn",6,"No"
229,51,"morning","Tue","loyal",0,"No"
230,77,"morning","Thu","churn",6,"No"
231,55,"evening","Thu","churn",1,"No"
232,64,"evening","Fri","loyal",7,"Yes"
233,80,"evening","Mon","loyal",10,"No"
234,33,"afternoon","Thu","churn",4,"Yes"
235,72,"evening","Thu","churn",0,"No"
236,35,"evening","Mon","new",2,"No"
237,42,"afternoon","Thu","new",6,"No"
238,80,"evening","Wed","churn",0,"No"
239,52,"morning","Wed","loyal",10,"Yes"
240,59,"evening","Fri","loyal",6,"No"
241,59,"evening","Fri","loyal",7,"No"
242,29,"evening","Mon","churn",1,"No"
243,44,"afternoon","Thu","loyal",5,"Yes"
244,27,"afternoon","Mon","new",9,"No"
245,37,"morning","Wed","churn",8,"Yes"
246,80,"morning","Thu","loyal",6,"Yes"
247,72,"evening","Tue","loyal",0,"No"
248,28,"afternoon","Mon","loyal",6,"Yes"
249,26,"evening","Tue","loyal",6,"Yes"
250,26,"evening","Fri","churn",0,"No"
251,77,"morning","Wed","loyal",1,"No"
252,80,"afternoon","Mon","new",2,"No"
253,79,"evening","Thu","loyal",10,"No"
254,29,"morning","Fri","loyal",7,"No"
255,43,"evening","Thu","new",0,"No"
256,73,"afternoon","Thu","loyal",2,"Yes"
257,42,"afternoon","Tue","loyal",8,"No"
258,45,"evening","Mon","new",3,"No"
259,62,"morning","Wed","churn",3,"No"
260,52,"morning","Wed","new",7,"No"
261,76,"evening","Fri","churn",2,"Yes"
262,80,"evening","Wed","loyal",10,"No"
263,48,"afternoon","Fri","new",3,"No"
264,70,"evening","Tue","new",4,"No"
265,29,"evening","Mon","churn",1,"No"
266,72,"evening","Tue","new",9,"No"
267,73,"morning","Fri","loyal",3,"No"
268,32,"morning","Thu","new",6,"No"
269,62,"evening","Tue","loyal",5,"Yes"
270,30,"morning","Thu","new",3,"No"
271,44,"morning","Wed","new",8,"Yes"
272,71,"evening","Thu","churn",6,"Yes"
273,45,"afternoon","Wed","loyal",7,"Yes"
274,26,"afternoon","Mon","churn",2,"No"
275,44,"morning","Wed","new",7,"No"
276,42,"afternoon","Fri","loyal",6,"No"
277,45,"evening","Fri","new",6,"No"
278,51,"morning","Tue","loyal",1,"No"
279,39,"morning","Fri","loyal",0,"No"
280,80,"morning","Mon","loyal",10,"No"
281,43,"morning","Thu","loyal",6,"Yes"
282,76,"morning","Mon","new",4,"Yes"
283,28,"morning","Wed","loyal",0,"No"
284,60,"afternoon","Tue","loyal",1,"No"
285,56,"afternoon","Wed","loyal",4,"No"
286,42,"afternoon","Tue","churn",5,"No"
287,33,"evening","Mon","new",5,"No"
288,65,"afternoon","Wed","loyal",0,"No"
289,25,"afternoon","Fri","new",7,"No"
290,46,"afternoon","Fri","loyal",7,"Yes"
291,20,"morning","Wed","churn",3,"Yes"
292,45,"afternoon","Fri","loyal",8,"Yes"
293,61,"evening","Mon","loyal",8,"No"
294,68,"morning","Mon","new",3,"No"
295,77,"evening","Mon","new",0,"No"
296,36,"evening","Mon","loyal",2,"No"
297,48,"evening","Fri","new",2,"No"
298,45,"morning","Fri","loyal",5,"No"
299,46,"evening","Fri","new",5,"No"
300,40,"afternoon","Thu","loyal",4,"No"
301,26,"morning","Thu","loyal",6,"Yes"
302,79,"evening","Thu","loyal",10,"Yes"
303,72,"afternoon","Fri","loyal",9,"Yes"
304,45,"afternoon","Mon","churn",8,"Yes"
305,60,"evening","Tue","churn",6,"No"
306,39,"evening","Wed","churn",10,"No"
307,25,"evening","Wed","churn",5,"No"
308,69,"morning","Fri","churn",9,"No"
309,49,"morning","Thu","loyal",9,"No"
310,50,"evening","Fri","churn",9,"No"
311,48,"evening","Tue","new",2,"No"
312,36,"morning","Thu","loyal",2,"No"
313,56,"evening","Mon","new",6,"No"
314,76,"afternoon","Tue","loyal",7,"No"
315,39,"evening","Thu","new",3,"No"
316,54,"evening","Mon","churn",6,"No"
317,44,"morning","Mon","churn",4,"No"
318,65,"morning","Fri","loyal",0,"No"
319,52,"morning","Mon","loyal",0,"No"
320,21,"morning","Mon","churn",3,"No"
321,23,"afternoon","Tue","loyal",0,"No"
322,29,"afternoon","Fri","new",1,"No"
323,52,"evening","Fri","churn",3,"Yes"
324,24,"evening","Wed","new",8,"No"
325,72,"afternoon","Wed","loyal",1,"No"
326,44,"morning","Thu","new",9,"No"
327,27,"morning","Mon","churn",2,"No"
328,74,"evening","Fri","new",4,"No"
329,44,"afternoon","Tue","new",5,"Yes"
330,40,"morning","Fri","new",10,"No"
331,64,"morning","Thu","churn",9,"Yes"
332,37,"afternoon","Mon","churn",0,"No"
333,61,"evening","Fri","loyal",5,"No"
334,50,"morning","Fri","new",8,"No"
335,25,"afternoon","Tue","new",4,"No"
336,26,"morning","Fri","new",0,"Yes"
337,80,"afternoon","Wed","loyal",5,"Yes"
338,60,"evening","Wed","new",7,"No"
339,67,"afternoon","Fri","loyal",1,"No"
340,36,"morning","Mon","churn",8,"Yes"
341,72,"evening","Fri","churn",10,"No"
342,64,"evening","Mon","churn",3,"No"
343,47,"morning","Fri","loyal",3,"Yes"
344,72,"afternoon","Fri","churn",10,"Yes"
345,59,"morning","Tue","new",8,"No"
346,72,"morning","Thu","churn",9,"No"
347,26,"morning","Thu","loyal",4,"No"
348,39,"evening","Wed","churn",9,"No"
349,37,"evening","Mon","loyal",3,"No"
350,48,"afternoon","Fri","loyal",3,"Yes"
351,36,"afternoon","Tue","new",1,"No"
352,52,"afternoon","Mon","new",2,"Yes"
353,21,"evening","Thu","loyal",3,"No"
354,68,"afternoon","Mon","new",10,"No"
355,21,"morning","Fri","churn",4,"No"
356,32,"morning","Tue","loyal",7,"No"
357,43,"morning","Fri","new",10,"Yes"
358,68,"morning","Mon","churn",2,"No"
359,22,"evening","Fri","new",0,"No"
360,37,"afternoon","Fri","new",1,"Yes"
361,21,"afternoon","Mon","churn",2,"No"
362,56,"morning","Thu","loyal",6,"Yes"
363,31,"evening","Thu","loyal",2,"No"
364,76,"morning","Tue","churn",2,"No"
365,32,"evening","Fri","loyal",6,"No"
366,61,"afternoon","Tue","loyal",9,"No"
367,80,"afternoon","Thu","new",3,"No"
368,25,"afternoon","Tue","loyal",7,"No"
369,61,"evening","Mon","churn",0,"No"
370,61,"morning","Mon","loyal",1,"Yes"
371,57,"morning","Wed","churn",3,"Yes"
372,79,"morning","Tue","new",9,"No"
373,67,"afternoon","Thu","loyal",1,"No"
374,35,"morning","Tue","loyal",2,"No"
375,54,"afternoon","Mon","new",5,"No"
376,55,"afternoon","Fri","loyal",5,"Yes"
377,46,"afternoon","Wed","new",10,"No"
378,46,"evening","Wed","loyal",1,"Yes"
379,54,"morning","Tue","churn",8,"No"
380,80,"afternoon","Fri","loyal",4,"No"
381,42,"evening","Fri","churn",1,"No"
382,22,"morning","Thu","loyal",4,"No"
383,50,"evening","Mon","loyal",1,"No"
384,67,"morning","Wed","loyal",2,"No"
385,21,"evening","Tue","churn",4,"No"
386,66,"afternoon","Wed","loyal",3,"No"
387,42,"morning","Mon","churn",0,"No"
388,22,"afternoon","Wed","new",5,"No"
389,28,"afternoon","Fri","new",2,"No"
390,80,"morning","Tue","loyal",10,"Yes"
391,58,"afternoon","Wed","churn",0,"No"
392,49,"morning","Mon","churn",10,"No"
393,50,"afternoon","Thu","churn",0,"No"
394,49,"evening","Wed","loyal",10,"Yes"
395,28,"afternoon","Tue","loyal",5,"No"
396,55,"evening","Wed","loyal",2,"Yes"
397,53,"evening","Fri","new",9,"Yes"
398,41,"afternoon","Wed","loyal",8,"No"
399,77,"afternoon","Fri","loyal",1,"Yes"
400,63,"afternoon","Thu","new",6,"Yes"
401,60,"morning","Wed","loyal",1,"Yes"
402,47,"evening","Thu","new",9,"No"
403,48,"morning","Thu","loyal",9,"No"
404,80,"evening","Fri","churn",7,"Yes"
405,62,"afternoon","Fri","churn",1,"No"
406,58,"afternoon","Tue","loyal",10,"No"
407,64,"afternoon","Thu","churn",4,"No"
408,56,"afternoon","Mon","new",4,"No"
409,62,"evening","Tue","loyal",8,"Yes"
410,52,"afternoon","Tue","churn",2,"No"
411,38,"evening","Wed","loyal",10,"No"
412,31,"evening","Thu","new",9,"No"
413,53,"evening","Tue","new",4,"No"
414,40,"morning","Wed","loyal",0,"No"
415,36,"morning","Tue","loyal",4,"Yes"
416,31,"afternoon","Fri","loyal",9,"No"
417,49,"afternoon","Fri","churn",4,"Yes"
418,54,"morning","Fri","loyal",4,"Yes"
419,49,"morning","Thu","new",7,"No"
420,44,"evening","Tue","loyal",1,"No"
421,69,"evening","Wed","new",9,"No"
422,66,"morning","Thu","new",5,"No"
423,73,"afternoon","Tue","churn",7,"No"
424,22,"morning","Tue","new",6,"Yes"
425,70,"morning","Fri","new",8,"Yes"
426,76,"afternoon","Thu","new",4,"No"
427,37,"afternoon","Fri","loyal",7,"No"
428,51,"afternoon","Tue","churn",9,"No"
429,36,"morning","Wed","new",0,"No"
430,57,"afternoon","Mon","loyal",1,"Yes"
431,61,"afternoon","Wed","loyal",9,"No"
432,59,"morning","Wed","loyal",0,"No"
433,61,"evening","Fri","loyal",2,"No"
434,51,"afternoon","Mon","new",2,"No"
435,45,"morning","Wed","new",2,"No"
436,32,"afternoon","Mon","new",9,"No"
437,39,"evening","Fri","churn",5,"No"
438,57,"morning","Thu","churn",1,"No"
439,39,"afternoon","Thu","churn",9,"Yes"
440,48,"evening","Mon","new",7,"No"
441,39,"afternoon","Fri","loyal",8,"No"
442,49,"afternoon","Mon","new",1,"No"
443,60,"evening","Wed","new",2,"No"
444,67,"morning","Wed","loyal",6,"No"
445,27,"afternoon","Thu","new",7,"No"
446,58,"morning","Thu","churn",4,"No"
447,29,"evening","Wed","loyal",4,"No"
448,36,"morning","Wed","churn",8,"Yes"
449,37,"evening","Tue","churn",7,"No"
450,59,"morning","Wed","churn",3,"No"
451,70,"morning","Fri","new",5,"Yes"
452,61,"afternoon","Mon","churn",6,"No"
453,74,"evening","Fri","new",7,"Yes"
454,30,"evening","Wed","new",10,"Yes"
455,68,"evening","Tue","new",9,"No"
456,63,"evening","Fri","churn",2,"No"
457,21,"evening","Wed","churn",10,"No"
458,38,"afternoon","Fri","new",5,"No"
459,32,"evening","Mon","new",8,"No"
460,32,"evening","Thu","new",2,"No"
461,50,"afternoon","Thu","loyal",1,"No"
462,49,"evening","Wed","new",5,"No"
463,70,"afternoon","Tue","loyal",0,"No"
464,41,"evening","Thu","new",1,"No"
465,49,"evening","Mon","loyal",10,"No"
466,29,"afternoon","Thu","new",0,"No"
467,35,"afternoon","Wed","new",2,"No"
468,24,"evening","Tue","new",6,"No"
469,55,"morning","Thu","new",1,"No"
470,69,"morning","Fri","churn",1,"No"
471,52,"morning","Tue","new",1,"No"
472,35,"evening","Wed","loyal",10,"No"
473,47,"evening","Wed","loyal",7,"No"
474,68,"evening","Fri","loyal",8,"Yes"
475,31,"morning","Fri","loyal",8,"Yes"
476,72,"morning","Thu","new",4,"No"
477,47,"evening","Tue","churn",5,"No"
478,21,"evening","Mon","new",3,"No"
479,69,"evening","Mon","new",2,"No"
480,31,"morning","Fri","new",9,"No"
481,66,"morning","Thu","churn",2,"No"
482,70,"morning","Thu","loyal",7,"No"
483,72,"morning","Thu","new",2,"No"
484,25,"morning","Mon","loyal",6,"Yes"
485,35,"evening","Mon","churn",8,"No"
486,77,"afternoon","Tue","loyal",2,"No"
487,34,"evening","Wed","new",3,"No"
488,38,"evening","Mon","churn",2,"No"
489,78,"evening","Thu","loyal",6,"No"
490,22,"evening","Thu","churn",6,"No"
491,65,"morning","Tue","loyal",6,"No"
492,52,"afternoon","Wed","churn",10,"Yes"
493,75,"afternoon","Mon","churn",6,"No"
494,52,"evening","Wed","new",5,"No"
495,67,"evening","Wed","churn",7,"Yes"
496,30,"afternoon","Mon","new",4,"Yes"
497,55,"morning","Thu","churn",3,"No"
498,75,"morning","Wed","churn",3,"No"
499,63,"morning","Mon","loyal",8,"No"
500,64,"evening","Thu","churn",1,"No"
501,29,"morning","Thu","new",1,"No"
502,61,"afternoon","Mon","churn",6,"No"
503,43,"afternoon","Fri","loyal",2,"No"
504,47,"afternoon","Wed","new",0,"No"
505,58,"morning","Mon","churn",10,"No"
506,37,"afternoon","Fri","churn",8,"No"
507,36,"evening","Mon","new",3,"No"
508,39,"evening","Mon","new",8,"Yes"
509,78,"morning","Thu","churn",0,"Yes"
510,28,"evening","Wed","new",1,"No"
511,72,"evening","Thu","new",0,"No"
512,30,"evening","Thu","loyal",8,"No"
513,63,"morning","Fri","churn",10,"No"
514,27,"afternoon","Wed","new",2,"No"
515,69,"afternoon","Tue","new",2,"No"
516,24,"afternoon","Wed","churn",6,"No"
517,48,"afternoon","Fri","loyal",7,"Yes"
518,69,"morning","Thu","loyal",3,"No"
519,25,"afternoon","Thu","loyal",1,"No"
520,29,"morning","Wed","loyal",5,"Yes"
521,45,"afternoon","Fri","new",0,"No"
522,28,"morning","Thu","loyal",5,"No"
523,30,"afternoon","Tue","churn",2,"No"
524,74,"morning","Thu","loyal",2,"No"
525,25,"evening","Mon","churn",8,"No"
526,51,"afternoon","Tue","new",4,"Yes"
527,31,"morning","Mon","loyal",10,"No"
528,38,"morning","Mon","new",3,"No"
529,46,"morning","Fri","churn",2,"No"
530,75,"afternoon","Fri","churn",4,"Yes"
531,51,"morning","Wed","churn",2,"No"
532,46,"morning","Fri","churn",6,"No"
533,49,"evening","Fri","loyal",2,"No"
534,74,"afternoon","Wed","churn",2,"No"
535,23,"evening","Fri","new",0,"No"
536,43,"evening","Mon","new",3,"Yes"
537,47,"evening","Tue","churn",5,"No"
538,22,"afternoon","Thu","churn",10,"No"
539,65,"morning","Wed","new",4,"No"
540,59,"evening","Fri","new",9,"No"
541,25,"afternoon","Wed","churn",6,"No"
542,55,"morning","Fri","loyal",1,"No"
543,74,"evening","Wed","new",7,"No"
544,61,"afternoon","Thu","loyal",9,"Yes"
545,67,"evening","Mon","churn",0,"No"
546,78,"evening","Tue","churn",9,"Yes"
547,75,"evening","Thu","new",4,"No"
548,49,"evening","Tue","new",10,"Yes"
549,67,"afternoon","Thu","churn",8,"Yes"
550,71,"evening","Thu","loyal",1,"No"
551,29,"evening","Tue","loyal",8,"No"
552,44,"evening","Wed","new",7,"Yes"
553,57,"afternoon","Thu","churn",9,"No"
554,70,"morning","Tue","new",9,"Yes"
555,55,"morning","Thu","churn",3,"No"
556,60,"afternoon","Wed","churn",5,"No"
557,44,"afternoon","Fri","loyal",6,"No"
558,23,"evening","Tue","new",7,"No"
559,34,"morning","Thu","churn",8,"No"
560,71,"morning","Mon","loyal",8,"Yes"
561,41,"morning","Thu","new",6,"No"
562,72,"morning","Fri","new",1,"No"
563,68,"morning","Thu","churn",5,"Yes"
564,43,"evening","Wed","loyal",0,"No"
565,58,"afternoon","Mon","churn",4,"No"
566,66,"evening","Tue","churn",7,"Yes"
567,79,"afternoon","Fri","loyal",7,"No"
568,56,"morning","Fri","loyal",3,"No"
569,65,"morning","Fri","new",0,"No"
570,73,"afternoon","Fri","new",8,"No"
571,66,"morning","Thu","churn",0,"No"
572,34,"morning","Wed","loyal",1,"No"
573,35,"evening","Thu","churn",1,"No"
574,38,"afternoon","Wed","loyal",3,"No"
575,27,"morning","Mon","new",9,"No"
576,50,"afternoon","Thu","new",0,"No"
577,77,"afternoon","Thu","loyal",4,"No"
578,56,"afternoon","Thu","churn",7,"No"
579,58,"morning","Thu","loyal",7,"No"
580,71,"afternoon","Wed","new",1,"No"
581,67,"morning","Tue","churn",6,"No"
582,79,"evening","Tue","new",6,"No"
583,35,"evening","Wed","new",10,"No"
584,28,"morning","Wed","churn",0,"No"
585,30,"afternoon","Fri","churn",0,"No"
586,62,"evening","Mon","churn",3,"No"
587,70,"afternoon","Mon","loyal",0,"No"
588,49,"evening","Thu","new",4,"No"
589,80,"morning","Wed","loyal",1,"Yes"
590,29,"evening","Tue","new",2,"Yes"
591,74,"afternoon","Thu","churn",3,"No"
592,80,"evening","Fri","loyal",0,"No"
593,53,"evening","Tue","churn",0,"No"
594,76,"evening","Tue","new",3,"No"
595,57,"morning","Wed","loyal",5,"No"
596,39,"morning","Tue","churn",3,"No"
597,65,"afternoon","Wed","new",5,"Yes"
598,33,"evening","Thu","churn",8,"No"
599,25,"morning","Thu","churn",3,"No"
600,37,"morning","Mon","new",3,"No"
601,21,"afternoon","Thu","loyal",5,"No"
602,75,"morning","Fri","loyal",9,"No"
603,27,"morning","Thu","churn",1,"No"
604,30,"afternoon","Tue","churn",7,"No"
605,40,"morning","Wed","churn",0,"No"
606,76,"evening","Thu","loyal",9,"No"
607,26,"morning","Thu","new",7,"Yes"
608,70,"afternoon","Thu","churn",4,"No"
609,42,"evening","Tue","loyal",3,"No"
610,27,"afternoon","Tue","loyal",7,"No"
611,78,"morning","Tue","new",9,"Yes"
612,29,"evening","Tue","new",1,"No"
613,56,"afternoon","Wed","loyal",5,"No"
614,36,"afternoon","Mon","churn",1,"No"
615,74,"morning","Fri","new",9,"Yes"
616,25,"afternoon","Fri","loyal",0,"No"
617,59,"evening","Mon","churn",7,"Yes"
618,71,"morning","Fri","churn",3,"No"
619,25,"afternoon","Mon","loyal",2,"No"
620,66,"afternoon","Mon","loyal",10,"No"
621,47,"evening","Fri","new",6,"No"
622,51,"morning","Thu","churn",1,"No"
623,68,"evening","Tue","churn",0,"No"
624,54,"morning","Thu","new",7,"No"
625,47,"morning","Mon","new",0,"No"
626,66,"afternoon","Wed","loyal",4,"No"
627,39,"evening","Wed","loyal",6,"No"
628,20,"evening","Wed","new",1,"No"
629,24,"morning","Tue","loyal",5,"No"
630,30,"afternoon","Thu","new",7,"No"
631,66,"afternoon","Wed","churn",9,"Yes"
632,39,"evening","Mon","new",2,"No"
633,21,"afternoon","Fri","new",4,"No"
634,67,"afternoon","Tue","churn",8,"No"
635,74,"morning","Fri","loyal",7,"Yes"
636,70,"morning","Fri","loyal",4,"No"
637,29,"morning","Wed","new",5,"No"
638,70,"morning","Fri","churn",6,"Yes"
639,78,"morning","Thu","loyal",0,"No"
640,68,"morning","Fri","new",0,"No"
641,26,"evening","Wed","loyal",9,"Yes"
642,80,"morning","Fri","loyal",8,"No"
643,57,"evening","Thu","churn",7,"No"
644,63,"morning","Tue","loyal",9,"No"
645,55,"morning","Mon","new",2,"No"
646,72,"morning","Fri","churn",1,"No"
647,42,"evening","Fri","loyal",2,"No"
648,70,"afternoon","Wed","new",6,"No"
649,53,"morning","Thu","loyal",5,"No"
650,43,"evening","Mon","churn",1,"No"
651,23,"evening","Tue","loyal",6,"No"
652,73,"morning","Wed","churn",0,"No"
653,48,"morning","Tue","churn",9,"No"
654,77,"evening","Wed","loyal",7,"No"
655,42,"evening","Thu","loyal",5,"Yes"
656,78,"afternoon","Tue","churn",9,"No"
657,30,"afternoon","Wed","loyal",10,"No"
658,73,"morning","Thu","loyal",5,"No"
659,52,"morning","Tue","loyal",1,"No"
660,73,"evening","Thu","loyal",9,"Yes"
661,75,"morning","Tue","new",2,"No"
662,70,"afternoon","Fri","churn",1,"No"
663,69,"morning","Mon","loyal",2,"No"
664,78,"morning","Wed","churn",6,"Yes"
665,67,"afternoon","Wed","loyal",5,"Yes"
666,22,"evening","Thu","loyal",4,"No"
667,52,"evening","Fri","churn",0,"No"
668,49,"afternoon","Thu","loyal",8,"No"
669,53,"morning","Tue","churn",3,"No"
670,21,"afternoon","Thu","churn",4,"No"
671,59,"morning","Thu","loyal",1,"Yes"
672,77,"afternoon","Tue","loyal",1,"No"
673,39,"afternoon","Fri","churn",1,"No"
674,33,"morning","Tue","loyal",0,"No"
675,44,"afternoon","Thu","new",6,"Yes"
676,64,"morning","Fri","churn",8,"No"
677,26,"evening","Tue","churn",6,"No"
678,59,"afternoon","Wed","loyal",0,"No"
679,80,"evening","Mon","churn",6,"Yes"
680,54,"morning","Tue","new",8,"No"
681,50,"morning","Tue","loyal",2,"No"
682,41,"evening","Fri","new",0,"No"
683,35,"afternoon","Mon","new",0,"No"
684,78,"afternoon","Tue","new",1,"No"
685,41,"afternoon","Wed","churn",1,"No"
686,48,"evening","Thu","churn",10,"No"
687,75,"morning","Tue","loyal",2,"No"
688,52,"evening","Tue","loyal",5,"Yes"
689,63,"morning","Mon","new",4,"Yes"
690,69,"afternoon","Mon","churn",6,"No"
691,72,"afternoon","Wed","new",6,"No"
692,50,"afternoon","Thu","churn",4,"No"
693,65,"afternoon","Thu","loyal",1,"No"
694,27,"morning","Thu","loyal",4,"Yes"
695,43,"afternoon","Mon","new",7,"No"
696,79,"afternoon","Thu","churn",10,"Yes"
697,49,"evening","Mon","loyal",4,"No"
698,42,"evening","Mon","churn",8,"No"
699,56,"afternoon","Wed","new",10,"No"
700,51,"evening","Tue","new",9,"No"
701,36,"afternoon","Mon","churn",3,"No"
702,45,"evening","Mon","churn",8,"No"
703,78,"morning","Tue","new",9,"No"
704,76,"morning","Fri","new",8,"Yes"
705,76,"evening","Mon","churn",1,"No"
706,62,"morning","Fri","loyal",5,"Yes"
707,42,"afternoon","Fri","new",2,"Yes"
708,45,"afternoon","Fri","loyal",5,"No"
709,55,"evening","Fri","new",0,"No"
710,64,"evening","Wed","churn",6,"No"
711,27,"morning","Mon","loyal",2,"No"
712,34,"evening","Tue","loyal",0,"No"
713,78,"evening","Wed","churn",1,"No"
714,55,"evening","Thu","loyal",0,"No"
715,64,"morning","Thu","loyal",3,"Yes"
716,22,"afternoon","Tue","new",10,"No"
717,58,"evening","Mon","loyal",9,"No"
718,52,"morning","Tue","loyal",1,"No"
719,57,"morning","Mon","churn",7,"Yes"
720,64,"afternoon","Mon","loyal",3,"No"
721,45,"afternoon","Wed","new",4,"No"
722,47,"morning","Thu","churn",5,"No"
723,45,"afternoon","Mon","loyal",4,"No"
724,36,"morning","Mon","churn",3,"No"
725,42,"evening","Wed","churn",4,"No"
726,72,"evening","Wed","loyal",6,"No"
727,57,"afternoon","Mon","new",6,"No"
728,29,"morning","Tue","churn",9,"No"
729,64,"afternoon","Thu","churn",9,"No"
730,57,"morning","Fri","new",9,"Yes"
731,60,"morning","Thu","churn",1,"No"
732,27,"morning","Fri","new",1,"No"
733,20,"evening","Thu","loyal",9,"No"
734,35,"morning","Tue","churn",1,"No"
735,73,"afternoon","Fri","new",4,"No"
736,21,"afternoon","Tue","churn",0,"No"
737,59,"morning","Mon","loyal",5,"No"
738,33,"evening","Fri","churn",5,"No"
739,31,"morning","Wed","new",9,"No"
740,45,"afternoon","Wed","loyal",7,"No"
741,27,"evening","Tue","churn",10,"No"
742,60,"morning","Thu","loyal",6,"Yes"
743,27,"morning","Thu","loyal",1,"No"
744,76,"afternoon","Thu","churn",4,"Yes"
745,28,"afternoon","Mon","new",0,"No"
746,71,"evening","Tue","churn",0,"No"
747,52,"afternoon","Thu","churn",1,"No"
748,22,"evening","Tue","loyal",2,"No"
749,59,"afternoon","Tue","loyal",5,"No"
750,21,"morning","Fri","churn",1,"No"
751,20,"morning","Wed","loyal",9,"No"
752,28,"morning","Tue","loyal",9,"No"
753,74,"afternoon","Thu","new",8,"No"
754,26,"morning","Thu","new",10,"No"
755,32,"evening","Fri","new",0,"No"
756,48,"afternoon","Fri","churn",6,"No"
757,39,"evening","Tue","loyal",0,"No"
758,33,"evening","Mon","churn",0,"No"
759,79,"afternoon","Fri","new",7,"No"
760,35,"evening","Wed","loyal",6,"No"
761,26,"evening","Fri","churn",7,"No"
762,55,"evening","Wed","loyal",3,"Yes"
763,64,"evening","Tue","churn",2,"No"
764,31,"afternoon","Wed","loyal",2,"No"
765,44,"afternoon","Mon","loyal",6,"No"
766,46,"evening","Thu","new",7,"No"
767,32,"morning","Tue","churn",9,"No"
768,39,"afternoon","Wed","new",6,"No"
769,29,"afternoon","Thu","loyal",6,"No"
770,49,"afternoon","Tue","loyal",8,"No"
771,60,"morning","Thu","new",7,"No"
772,31,"morning","Mon","churn",1,"No"
773,27,"morning","Fri","loyal",10,"Yes"
774,26,"morning","Tue","new",4,"No"
775,76,"afternoon","Thu","churn",5,"No"
776,34,"afternoon","Tue","churn",9,"No"
777,38,"afternoon","Tue","new",0,"No"
778,68,"afternoon","Mon","loyal",5,"No"
779,62,"evening","Mon","churn",9,"Yes"
780,58,"afternoon","Wed","new",3,"No"
781,70,"afternoon","Thu","new",4,"No"
782,42,"morning","Wed","loyal",3,"No"
783,77,"evening","Tue","loyal",3,"Yes"
784,54,"evening","Thu","new",10,"Yes"
785,25,"morning","Wed","loyal",7,"No"
786,26,"afternoon","Mon","loyal",9,"No"
787,23,"evening","Wed","loyal",0,"No"
788,29,"afternoon","Thu","new",4,"No"
789,36,"morning","Mon","churn",0,"No"
790,67,"morning","Wed","churn",8,"No"
791,27,"evening","Tue","churn",10,"No"
792,72,"morning","Tue","loyal",1,"No"
793,22,"morning","Thu","loyal",5,"Yes"
794,63,"afternoon","Fri","loyal",3,"Yes"
795,72,"afternoon","Fri","new",4,"No"
796,65,"afternoon","Fri","churn",0,"No"
797,56,"evening","Fri","loyal",1,"No"
798,33,"evening","Thu","new",7,"No"
799,47,"afternoon","Thu","churn",2,"No"
800,25,"evening","Fri","loyal",8,"No"
801,28,"morning","Thu","loyal",3,"No"
802,52,"morning","Mon","new",6,"Yes"
803,71,"evening","Mon","churn",1,"Yes"
804,65,"afternoon","Tue","loyal",9,"No"
805,38,"evening","Thu","churn",10,"No"
806,56,"afternoon","Tue","new",5,"No"
807,53,"morning","Thu","loyal",0,"No"
808,20,"morning","Fri","loyal",4,"Yes"
809,47,"afternoon","Fri","new",7,"No"
810,71,"evening","Wed","loyal",5,"No"
811,49,"evening","Tue","churn",0,"Yes"
812,23,"afternoon","Tue","new",0,"No"
813,78,"morning","Fri","churn",4,"No"
814,45,"morning","Mon","loyal",3,"No"
815,77,"evening","Tue","churn",7,"Yes"
816,30,"afternoon","Tue","loyal",4,"No"
817,24,"morning","Wed","new",3,"No"
818,73,"afternoon","Mon","new",2,"No"
819,55,"afternoon","Fri","churn",0,"No"
820,38,"evening","Tue","loyal",2,"No"
821,54,"afternoon","Fri","loyal",8,"Yes"
822,52,"afternoon","Tue","new",6,"No"
823,58,"afternoon","Thu","new",1,"No"
824,24,"evening","Wed","loyal",5,"No"
825,80,"afternoon","Fri","loyal",1,"No"
826,42,"afternoon","Thu","loyal",0,"No"
827,60,"morning","Tue","new",8,"No"
828,44,"afternoon","Mon","loyal",10,"No"
829,75,"evening","Wed","new",10,"Yes"
830,68,"evening","Thu","churn",6,"No"
831,40,"evening","Tue","churn",8,"No"
832,24,"morning","Wed","churn",6,"No"
833,75,"evening","Fri","churn",5,"Yes"
834,31,"evening","Mon","new",10,"No"
835,21,"evening","Thu","new",3,"No"
836,73,"evening","Tue","churn",2,"No"
837,37,"afternoon","Wed","churn",10,"No"
838,23,"evening","Tue","churn",7,"No"
839,61,"morning","Tue","churn",7,"Yes"
840,66,"evening","Mon","churn",0,"No"
841,42,"afternoon","Tue","loyal",0,"No"
842,73,"morning","Fri","churn",8,"No"
843,27,"evening","Wed","loyal",0,"No"
844,20,"morning","Fri","loyal",9,"No"
845,75,"evening","Mon","churn",7,"Yes"
846,30,"afternoon","Mon","loyal",5,"Yes"
847,56,"morning","Tue","new",8,"No"
848,30,"afternoon","Fri","new",6,"No"
849,34,"evening","Thu","new",10,"Yes"
850,34,"evening","Tue","new",7,"No"
851,76,"afternoon","Thu","new",1,"Yes"
852,75,"afternoon","Thu","new",8,"Yes"
853,61,"morning","Thu","churn",5,"Yes"
854,34,"evening","Mon","loyal",7,"No"
855,34,"afternoon","Wed","new",6,"No"
856,71,"evening","Tue","new",8,"No"
857,63,"evening","Thu","churn",7,"No"
858,60,"morning","Mon","new",3,"Yes"
859,80,"evening","Wed","churn",10,"No"
860,44,"evening","Tue","loyal",1,"No"
861,55,"afternoon","Fri","new",4,"Yes"
862,22,"evening","Tue","loyal",8,"No"
863,26,"evening","Tue","loyal",6,"No"
864,23,"evening","Fri","new",1,"No"
865,75,"evening","Thu","loyal",8,"Yes"
866,59,"morning","Fri","loyal",0,"Yes"
867,72,"morning","Wed","churn",1,"No"
868,56,"afternoon","Thu","loyal",2,"No"
869,43,"morning","Fri","new",9,"No"
870,57,"evening","Wed","new",6,"No"
871,23,"morning","Wed","churn",1,"No"
872,22,"evening","Tue","churn",3,"No"
873,30,"evening","Thu","new",9,"No"
874,29,"evening","Tue","new",8,"No"
875,48,"afternoon","Thu","churn",2,"No"
876,42,"morning","Mon","loyal",7,"Yes"
877,24,"morning","Wed","new",6,"No"
878,43,"evening","Tue","loyal",8,"Yes"
879,51,"morning","Wed","churn",5,"No"
880,44,"afternoon","Thu","loyal",1,"No"
881,30,"evening","Thu","churn",6,"No"
882,29,"afternoon","Tue","churn",5,"No"
883,34,"morning","Fri","loyal",2,"No"
884,70,"evening","Tue","loyal",1,"No"
885,79,"afternoon","Thu","churn",5,"No"
886,50,"afternoon","Fri","loyal",10,"No"
887,29,"morning","Wed","loyal",10,"No"
888,64,"morning","Tue","loyal",0,"No"
889,78,"evening","Fri","new",4,"No"
890,43,"afternoon","Fri","new",6,"No"
891,54,"morning","Wed","churn",10,"Yes"
892,69,"morning","Mon","churn",8,"Yes"
893,29,"evening","Fri","loyal",3,"No"
894,27,"evening","Thu","new",9,"Yes"
895,63,"morning","Wed","loyal",0,"Yes"
896,61,"afternoon","Wed","churn",7,"Yes"
897,51,"morning","Fri","new",5,"No"
898,58,"evening","Tue","new",8,"No"
899,26,"morning","Mon","loyal",0,"No"
900,57,"evening","Fri","new",7,"Yes"
901,36,"afternoon","Wed","churn",2,"No"
902,39,"morning","Fri","loyal",9,"No"
903,52,"evening","Wed","loyal",4,"Yes"
904,56,"evening","Wed","loyal",9,"No"
905,29,"evening","Tue","new",0,"No"
906,64,"afternoon","Thu","loyal",0,"No"
907,29,"afternoon","Mon","loyal",4,"No"
908,21,"morning","Tue","loyal",9,"No"
909,34,"afternoon","Thu","loyal",9,"No"
910,42,"afternoon","Thu","loyal",6,"No"
911,66,"afternoon","Tue","loyal",8,"Yes"
912,59,"afternoon","Wed","loyal",3,"Yes"
913,54,"evening","Thu","new",10,"No"
914,21,"evening","Fri","new",2,"No"
915,25,"morning","Wed","loyal",3,"No"
916,65,"afternoon","Thu","new",0,"Yes"
917,78,"evening","Thu","loyal",6,"Yes"
918,66,"morning","Fri","churn",7,"No"
919,70,"afternoon","Wed","new",8,"Yes"
920,28,"morning","Fri","churn",6,"Yes"
921,42,"afternoon","Fri","loyal",2,"No"
922,44,"evening","Tue","loyal",10,"No"
923,34,"evening","Tue","loyal",6,"Yes"
924,41,"evening","Thu","new",4,"No"
925,67,"morning","Wed","loyal",4,"No"
926,27,"morning","Mon","loyal",3,"No"
927,48,"afternoon","Tue","loyal",3,"No"
928,60,"morning","Wed","new",5,"No"
929,40,"afternoon","Fri","loyal",9,"Yes"
930,74,"evening","Tue","new",1,"No"
931,67,"afternoon","Mon","churn",7,"No"
932,28,"morning","Fri","loyal",9,"No"
933,53,"evening","Wed","loyal",5,"No"
934,75,"morning","Fri","churn",4,"Yes"
935,60,"morning","Tue","churn",10,"No"
936,62,"evening","Tue","loyal",5,"No"
937,75,"morning","Thu","loyal",4,"No"
938,30,"evening","Fri","loyal",7,"No"
939,23,"morning","Mon","loyal",0,"No"
940,26,"afternoon","Fri","loyal",9,"No"
941,75,"morning","Wed","loyal",7,"No"
942,69,"afternoon","Mon","loyal",10,"Yes"
943,79,"evening","Thu","new",7,"No"
944,30,"morning","Mon","new",6,"No"
945,73,"evening","Mon","new",0,"No"
946,52,"afternoon","Tue","new",6,"No"
947,30,"afternoon","Wed","loyal",9,"No"
948,79,"evening","Wed","loyal",7,"No"
949,77,"evening","Thu","new",10,"Yes"
950,57,"afternoon","Wed","new",6,"No"
951,40,"evening","Thu","loyal",2,"No"
952,29,"afternoon","Mon","loyal",3,"No"
953,76,"morning","Wed","loyal",2,"No"
954,69,"evening","Fri","churn",0,"No"
955,22,"afternoon","Wed","new",5,"No"
956,54,"afternoon","Tue","loyal",0,"Yes"
957,53,"afternoon","Tue","loyal",7,"Yes"
958,77,"afternoon","Tue","loyal",2,"No"
959,59,"afternoon","Fri","loyal",2,"No"
960,47,"evening","Fri","loyal",0,"No"
961,32,"afternoon","Mon","churn",0,"No"
962,27,"evening","Wed","new",1,"No"
963,21,"morning","Fri","loyal",8,"No"
964,78,"morning","Tue","new",8,"No"
965,25,"morning","Wed","churn",0,"No"
966,42,"evening","Mon","new",8,"No"
967,36,"evening","Thu","loyal",8,"No"
968,51,"evening","Fri","new",7,"No"
969,33,"afternoon","Thu","churn",7,"No"
970,26,"afternoon","Mon","loyal",2,"No"
971,32,"evening","Mon","churn",1,"No"
972,27,"afternoon","Tue","churn",1,"No"
973,57,"morning","Tue","new",1,"No"
974,30,"morning","Thu","churn",5,"No"
975,61,"morning","Wed","churn",8,"No"
976,36,"afternoon","Fri","loyal",10,"No"
977,26,"morning","Tue","loyal",0,"No"
978,74,"morning","Thu","loyal",7,"Yes"
979,63,"evening","Thu","new",9,"Yes"
980,79,"evening","Wed","churn",1,"Yes"
981,38,"afternoon","Tue","new",2,"No"
982,68,"morning","Thu","loyal",0,"No"
983,59,"evening","Wed","loyal",6,"No"
984,34,"evening","Fri","new",4,"No"
985,65,"evening","Wed","churn",9,"No"
986,33,"morning","Fri","loyal",4,"No"
987,45,"afternoon","Thu","churn",6,"No"
988,46,"evening","Tue","loyal",8,"No"
989,36,"evening","Fri","churn",4,"No"
990,52,"morning","Wed","churn",1,"Yes"
991,69,"evening","Wed","loyal",8,"No"
992,37,"evening","Mon","loyal",7,"No"
993,39,"morning","Wed","churn",9,"No"
994,46,"morning","Wed","loyal",10,"No"
995,61,"morning","Fri","churn",9,"Yes"
996,29,"afternoon","Tue","new",0,"No"
997,72,"morning","Tue","churn",9,"Yes"
998,28,"evening","Fri","loyal",10,"Yes"
999,50,"morning","Wed","new",3,"No"
1000,38,"morning","Fri","churn",6,"No"
